[
  {
    "actions": ["send_approval_notification", "update_status", "verify_application", "send_status", "pending", "view_documents", "approve"],
    "score": 92
  },
  {
    "actions": ["approve", "send_approval_notification", "view_documents", "verify_application", "pending", "update_status", "send_status"],
    "score": 94
  },
  {
    "actions": ["view_documents", "send_status", "approve", "update_status", "verify_application", "send_approval_notification", "pending"],
    "score": 88
  },
  {
    "actions": ["pending", "verify_application", "send_status", "update_status", "view_documents", "send_approval_notification", "approve"],
    "score": 90
  },
  {
    "actions": ["update_status", "approve", "send_status", "view_documents", "send_approval_notification", "pending", "verify_application"],
    "score": 85
  },
  {
    "actions": ["approve", "view_documents", "send_status", "pending", "verify_application", "update_status", "send_approval_notification"],
    "score": 89
  },
  {
    "actions": ["verify_application", "approve", "send_status", "view_documents", "update_status", "send_approval_notification", "pending"],
    "score": 91
  },
  {
    "actions": ["pending", "send_status", "send_approval_notification", "view_documents", "verify_application", "update_status", "approve"],
    "score": 87
  },
  {
    "actions": ["send_status", "pending", "view_documents", "send_approval_notification", "verify_application", "approve", "update_status"],
    "score": 86
  },
  {
    "actions": ["view_documents", "send_status", "pending", "approve", "verify_application", "update_status", "send_approval_notification"],
    "score": 83
  },
  {
    "actions": ["send_status", "view_documents", "pending", "verify_application", "update_status", "send_approval_notification", "approve"],
    "score": 80
  },
  {
    "actions": ["verify_application", "pending", "update_status", "approve", "send_status", "send_approval_notification", "view_documents"],
    "score": 85
  },
  {
    "actions": ["send_approval_notification", "view_documents", "send_status", "verify_application", "update_status", "approve", "pending"],
    "score": 90
  },
  {
    "actions": ["approve", "update_status", "send_status", "verify_application", "view_documents", "send_approval_notification", "pending"],
    "score": 95
  },
  {
    "actions": ["pending", "send_status", "update_status", "view_documents", "send_approval_notification", "approve", "verify_application"],
    "score": 75
  },
  {
    "actions": ["approve", "view_documents", "send_approval_notification", "verify_application", "send_status", "update_status", "pending"],
    "score": 88
  },
  {
    "actions": ["update_status", "send_approval_notification", "verify_application", "send_status", "pending", "approve", "view_documents"],
    "score": 82
  },
  {
    "actions": ["view_documents", "approve", "pending", "verify_application", "send_status", "send_approval_notification", "update_status"],
    "score": 87
  },
  {
    "actions": ["approve", "view_documents", "pending", "send_status", "update_status", "verify_application", "send_approval_notification"],
    "score": 91
  },
  {
    "actions": ["send_status", "view_documents", "approve", "verify_application", "send_approval_notification", "update_status", "pending"],
    "score": 83
  },
  {
    "actions": ["verify_application", "view_documents", "update_status", "send_approval_notification", "approve", "send_status", "pending"],
    "score": 90
  },
  {
    "actions": ["send_status", "view_documents", "approve", "pending", "verify_application", "send_approval_notification", "update_status"],
    "score": 80
  },
  {
    "actions": ["approve", "pending", "send_status", "verify_application", "send_approval_notification", "update_status", "view_documents"],
    "score": 70
  },
  {
    "actions": ["update_status", "approve", "view_documents", "send_approval_notification", "pending", "verify_application", "send_status"],
    "score": 85
  },
  {
    "actions": ["verify_application", "send_status", "update_status", "approve", "view_documents", "send_approval_notification", "pending"],
    "score": 95
  }

]
